<?xml version="1.0" encoding="UTF-8"?><metadata>
  <groupId>DirectMemory-StandaloneDemo</groupId>
  <artifactId>DirectMemory-StandaloneDemo</artifactId>
  <versioning>
    <snapshot>
      <localCopy>true</localCopy>
    </snapshot>
    <versions>
      <version>1.0-SNAPSHOT</version>
      <version>0.5.4-SNAPSHOT</version>
      <version>1.6.7</version>
      <version>1.0.0.M6</version>
      <version>0.9.26</version>
      <version>1.6.1</version>
      <version>2.3.0</version>
      <version>1.0.1</version>
      <version>0.5</version>
      <version>0.9.24-SNAPSHOT</version>
    </versions>
    <lastUpdated>20110116164016</lastUpdated>
  </versioning>
</metadata>